<?xml version="1.0" encoding="UTF-8" standalone="no"?><configurationDescriptor version="65">
  <logicalFolder displayName="root" name="root" projectFiles="true">
    <logicalFolder displayName="Header Files" name="HeaderFiles" projectFiles="true">
      <logicalFolder displayName="MCC Generated Files" name="MCC Generated Files" projectFiles="true">
        <logicalFolder displayName="adc" name="adc" projectFiles="true">
          <itemPath>mcc_generated_files/adc/adc_interface.h</itemPath>
          <itemPath>mcc_generated_files/adc/adc1.h</itemPath>
          <itemPath>mcc_generated_files/adc/adc_types.h</itemPath>
          <itemPath>mcc_generated_files/adc/adc_features.h</itemPath>
        </logicalFolder>
        <logicalFolder displayName="mcp802x" name="mcp802x" projectFiles="true">
          <itemPath>mcc_generated_files/mcp802x/MCP802X_task.h</itemPath>
          <itemPath>mcc_generated_files/mcp802x/mcp8021.h</itemPath>
        </logicalFolder>
        <logicalFolder displayName="opa" name="opa" projectFiles="true">
          <itemPath>mcc_generated_files/opa/opa3.h</itemPath>
          <itemPath>mcc_generated_files/opa/opa1.h</itemPath>
          <itemPath>mcc_generated_files/opa/opa_interface.h</itemPath>
          <itemPath>mcc_generated_files/opa/opa2.h</itemPath>
          <itemPath>mcc_generated_files/opa/opa_types.h</itemPath>
        </logicalFolder>
        <logicalFolder displayName="pwm_hs" name="pwm_hs" projectFiles="true">
          <itemPath>mcc_generated_files/pwm_hs/pwm.h</itemPath>
          <itemPath>mcc_generated_files/pwm_hs/pwm_hs_types.h</itemPath>
          <itemPath>mcc_generated_files/pwm_hs/pwm_hs_interface.h</itemPath>
          <itemPath>mcc_generated_files/pwm_hs/pwm_features.h</itemPath>
        </logicalFolder>
        <logicalFolder displayName="system" name="system" projectFiles="true">
          <itemPath>mcc_generated_files/system/pins.h</itemPath>
          <itemPath>mcc_generated_files/system/system.h</itemPath>
          <itemPath>mcc_generated_files/system/system_types.h</itemPath>
          <itemPath>mcc_generated_files/system/watchdog.h</itemPath>
          <itemPath>mcc_generated_files/system/interrupt.h</itemPath>
          <itemPath>mcc_generated_files/system/clock.h</itemPath>
          <itemPath>mcc_generated_files/system/traps.h</itemPath>
          <itemPath>mcc_generated_files/system/reset.h</itemPath>
          <itemPath>mcc_generated_files/system/interrupt_types.h</itemPath>
          <itemPath>mcc_generated_files/system/dmt.h</itemPath>
          <itemPath>mcc_generated_files/system/reset_types.h</itemPath>
        </logicalFolder>
        <logicalFolder displayName="timer" name="timer" projectFiles="true">
          <itemPath>mcc_generated_files/timer/tmr1.h</itemPath>
          <itemPath>mcc_generated_files/timer/timer_interface.h</itemPath>
        </logicalFolder>
        <logicalFolder displayName="uart" name="uart" projectFiles="true">
          <itemPath>mcc_generated_files/uart/uart1.h</itemPath>
          <itemPath>mcc_generated_files/uart/uart_types.h</itemPath>
          <itemPath>mcc_generated_files/uart/uart_interface.h</itemPath>
          <itemPath>mcc_generated_files/uart/uart2.h</itemPath>
        </logicalFolder>
      </logicalFolder>
      <itemPath>uart_debug.h</itemPath>
    </logicalFolder>
    <logicalFolder displayName="Linker Files" name="LinkerScript" projectFiles="true">
    </logicalFolder>
    <logicalFolder displayName="Source Files" name="SourceFiles" projectFiles="true">
      <logicalFolder displayName="MCC Generated Files" name="MCC Generated Files" projectFiles="true">
        <logicalFolder displayName="adc" name="adc" projectFiles="true">
          <logicalFolder displayName="src" name="src" projectFiles="true">
            <itemPath>mcc_generated_files/adc/src/adc1.c</itemPath>
          </logicalFolder>
        </logicalFolder>
        <logicalFolder displayName="mcp802x" name="mcp802x" projectFiles="true">
          <logicalFolder displayName="src" name="src" projectFiles="true">
            <itemPath>mcc_generated_files/mcp802x/src/MCP802X_task.c</itemPath>
            <itemPath>mcc_generated_files/mcp802x/src/mcp8021.c</itemPath>
          </logicalFolder>
        </logicalFolder>
        <logicalFolder displayName="opa" name="opa" projectFiles="true">
          <logicalFolder displayName="src" name="src" projectFiles="true">
            <itemPath>mcc_generated_files/opa/src/opa2.c</itemPath>
            <itemPath>mcc_generated_files/opa/src/opa1.c</itemPath>
            <itemPath>mcc_generated_files/opa/src/opa3.c</itemPath>
          </logicalFolder>
        </logicalFolder>
        <logicalFolder displayName="pwm_hs" name="pwm_hs" projectFiles="true">
          <logicalFolder displayName="src" name="src" projectFiles="true">
            <itemPath>mcc_generated_files/pwm_hs/src/pwm.c</itemPath>
          </logicalFolder>
        </logicalFolder>
        <logicalFolder displayName="system" name="system" projectFiles="true">
          <logicalFolder displayName="src" name="src" projectFiles="true">
            <itemPath>mcc_generated_files/system/src/system.c</itemPath>
            <itemPath>mcc_generated_files/system/src/config_bits.c</itemPath>
            <itemPath>mcc_generated_files/system/src/pins.c</itemPath>
            <itemPath>mcc_generated_files/system/src/interrupt.c</itemPath>
            <itemPath>mcc_generated_files/system/src/dmt.c</itemPath>
            <itemPath>mcc_generated_files/system/src/traps.c</itemPath>
            <itemPath>mcc_generated_files/system/src/reset.c</itemPath>
            <itemPath>mcc_generated_files/system/src/clock.c</itemPath>
            <itemPath>mcc_generated_files/system/src/dmt_asm.s</itemPath>
          </logicalFolder>
        </logicalFolder>
        <logicalFolder displayName="timer" name="timer" projectFiles="true">
          <logicalFolder displayName="src" name="src" projectFiles="true">
            <itemPath>mcc_generated_files/timer/src/tmr1.c</itemPath>
          </logicalFolder>
        </logicalFolder>
        <logicalFolder displayName="uart" name="uart" projectFiles="true">
          <logicalFolder displayName="src" name="src" projectFiles="true">
            <itemPath>mcc_generated_files/uart/src/uart1.c</itemPath>
            <itemPath>mcc_generated_files/uart/src/uart2.c</itemPath>
          </logicalFolder>
        </logicalFolder>
      </logicalFolder>
      <itemPath>main.c</itemPath>
    </logicalFolder>
    <logicalFolder displayName="Important Files" name="ExternalFiles" projectFiles="false">
      <itemPath>Makefile</itemPath>
      <itemPath>Wiper_DC_project_v1.mc3</itemPath>
    </logicalFolder>
  </logicalFolder>
  <projectmakefile>Makefile</projectmakefile>
  <confs>
    <conf name="default" type="2">
      <toolsSet>
        <developmentServer>localhost</developmentServer>
        <targetDevice>dsPIC33CDVL64MC106</targetDevice>
        <targetHeader/>
        <targetPluginBoard/>
        <platformTool>pk4hybrid</platformTool>
        <languageToolchain>XC16</languageToolchain>
        <languageToolchainVersion>2.00</languageToolchainVersion>
        <platform>3</platform>
      </toolsSet>
      <packs>
        <pack name="dsPIC33CD-MC_DFP" vendor="Microchip" version="1.1.121"/>
      </packs>
      <ScriptingSettings>
      </ScriptingSettings>
      <compileType>
        <linkerTool>
          <linkerLibItems>
            <linkerLibFileItem>../dspic33cdvl_melody_test.X/mcc_generated_files/motorBench/library/x2cscope/libx2cscope-dspic-elf.a</linkerLibFileItem>
          </linkerLibItems>
        </linkerTool>
        <archiverTool>
        </archiverTool>
        <loading>
          <useAlternateLoadableFile>false</useAlternateLoadableFile>
          <parseOnProdLoad>false</parseOnProdLoad>
          <alternateLoadableFile/>
        </loading>
        <subordinates>
        </subordinates>
      </compileType>
      <makeCustomizationType>
        <makeCustomizationPreStepEnabled>false</makeCustomizationPreStepEnabled>
        <makeUseCleanTarget>false</makeUseCleanTarget>
        <makeCustomizationPreStep/>
        <makeCustomizationPostStepEnabled>false</makeCustomizationPostStepEnabled>
        <makeCustomizationPostStep/>
        <makeCustomizationPutChecksumInUserID>false</makeCustomizationPutChecksumInUserID>
        <makeCustomizationEnableLongLines>false</makeCustomizationEnableLongLines>
        <makeCustomizationNormalizeHexFile>false</makeCustomizationNormalizeHexFile>
      </makeCustomizationType>
      <C30>
        <property key="cast-align" value="false"/>
        <property key="code-model" value="default"/>
        <property key="const-model" value="default"/>
        <property key="data-model" value="default"/>
        <property key="disable-instruction-scheduling" value="false"/>
        <property key="enable-all-warnings" value="true"/>
        <property key="enable-ansi-std" value="false"/>
        <property key="enable-ansi-warnings" value="false"/>
        <property key="enable-fatal-warnings" value="false"/>
        <property key="enable-large-arrays" value="false"/>
        <property key="enable-omit-frame-pointer" value="false"/>
        <property key="enable-procedural-abstraction" value="false"/>
        <property key="enable-short-double" value="false"/>
        <property key="enable-symbols" value="true"/>
        <property key="enable-unroll-loops" value="false"/>
        <property key="expand-pragma-config" value="false"/>
        <property key="extra-include-directories" value=""/>
        <property key="isolate-each-function" value="false"/>
        <property key="keep-inline" value="false"/>
        <property key="oXC16gcc-align-arr" value="false"/>
        <property key="oXC16gcc-cnsts-mauxflash" value="false"/>
        <property key="oXC16gcc-data-sects" value="false"/>
        <property key="oXC16gcc-errata" value=""/>
        <property key="oXC16gcc-fillupper" value=""/>
        <property key="oXC16gcc-large-aggregate" value="false"/>
        <property key="oXC16gcc-mauxflash" value="false"/>
        <property key="oXC16gcc-mpa-lvl" value=""/>
        <property key="oXC16gcc-name-text-sec" value=""/>
        <property key="oXC16gcc-near-chars" value="false"/>
        <property key="oXC16gcc-no-isr-warn" value="false"/>
        <property key="oXC16gcc-sfr-warn" value="false"/>
        <property key="oXC16gcc-smar-io-lvl" value="1"/>
        <property key="oXC16gcc-smart-io-fmt" value=""/>
        <property key="optimization-level" value="0"/>
        <property key="post-instruction-scheduling" value="default"/>
        <property key="pre-instruction-scheduling" value="default"/>
        <property key="preprocessor-macros" value=""/>
        <property key="scalar-model" value="default"/>
        <property key="use-cci" value="false"/>
        <property key="use-iar" value="false"/>
      </C30>
      <C30-AR>
        <property key="additional-options-chop-files" value="false"/>
      </C30-AR>
      <C30-AS>
        <property key="assembler-symbols" value=""/>
        <property key="expand-macros" value="false"/>
        <property key="extra-include-directories-for-assembler" value=""/>
        <property key="extra-include-directories-for-preprocessor" value=""/>
        <property key="false-conditionals" value="false"/>
        <property key="keep-locals" value="false"/>
        <property key="list-assembly" value="false"/>
        <property key="list-section-info" value="false"/>
        <property key="list-source" value="false"/>
        <property key="list-symbols" value="false"/>
        <property key="oXC16asm-extra-opts" value=""/>
        <property key="oXC16asm-list-to-file" value="false"/>
        <property key="omit-debug-dirs" value="false"/>
        <property key="omit-forms" value="false"/>
        <property key="preprocessor-macros" value=""/>
        <property key="relax" value="false"/>
        <property key="warning-level" value="emit-warnings"/>
      </C30-AS>
      <C30-CO>
        <property key="coverage-enable" value=""/>
        <property key="stack-guidance" value="false"/>
      </C30-CO>
      <C30-LD>
        <property key="additional-options-use-response-files" value="false"/>
        <property key="boot-eeprom" value="no_eeprom"/>
        <property key="boot-flash" value="no_flash"/>
        <property key="boot-ram" value="no_ram"/>
        <property key="boot-write-protect" value="no_write_protect"/>
        <property key="enable-check-sections" value="false"/>
        <property key="enable-data-init" value="true"/>
        <property key="enable-default-isr" value="true"/>
        <property key="enable-handles" value="true"/>
        <property key="enable-pack-data" value="true"/>
        <property key="extra-lib-directories" value=""/>
        <property key="fill-flash-options-addr" value=""/>
        <property key="fill-flash-options-const" value=""/>
        <property key="fill-flash-options-how" value="0"/>
        <property key="fill-flash-options-inc-const" value="1"/>
        <property key="fill-flash-options-increment" value=""/>
        <property key="fill-flash-options-seq" value=""/>
        <property key="fill-flash-options-what" value="0"/>
        <property key="general-code-protect" value="no_code_protect"/>
        <property key="general-write-protect" value="no_write_protect"/>
        <property key="generate-cross-reference-file" value="false"/>
        <property key="heap-size" value=""/>
        <property key="input-libraries" value=""/>
        <property key="linker-stack" value="true"/>
        <property key="linker-symbols" value=""/>
        <property key="map-file" value="${DISTDIR}/${PROJECTNAME}.${IMAGE_TYPE}.map"/>
        <property key="no-ivt" value="false"/>
        <property key="oXC16ld-extra-opts" value=""/>
        <property key="oXC16ld-fill-upper" value="0"/>
        <property key="oXC16ld-force-link" value="false"/>
        <property key="oXC16ld-no-smart-io" value="false"/>
        <property key="oXC16ld-nostdlib" value="false"/>
        <property key="oXC16ld-stackguard" value="16"/>
        <property key="preprocessor-macros" value=""/>
        <property key="remove-unused-sections" value="false"/>
        <property key="report-memory-usage" value="true"/>
        <property key="secure-eeprom" value="no_eeprom"/>
        <property key="secure-flash" value="no_flash"/>
        <property key="secure-ram" value="no_ram"/>
        <property key="secure-write-protect" value="no_write_protect"/>
        <property key="stack-size" value="16"/>
        <property key="symbol-stripping" value=""/>
        <property key="trace-symbols" value=""/>
        <property key="warn-section-align" value="false"/>
      </C30-LD>
      <C30Global>
        <property key="combine-sourcefiles" value="false"/>
        <property key="common-include-directories" value=""/>
        <property key="dual-boot-partition" value="0"/>
        <property key="fast-math" value="false"/>
        <property key="generic-16-bit" value="false"/>
        <property key="legacy-libc" value="true"/>
        <property key="mpreserve-all" value="false"/>
        <property key="oXC16glb-macros" value=""/>
        <property key="omit-pack-options" value="1"/>
        <property key="output-file-format" value="elf"/>
        <property key="preserve-all" value="false"/>
        <property key="preserve-file" value=""/>
        <property key="relaxed-math" value="false"/>
        <property key="save-temps" value="false"/>
      </C30Global>
      <ICD4Tool>
        <property key="ADC" value="true"/>
        <property key="AutoSelectMemRanges" value="auto"/>
        <property key="CLC 1" value="true"/>
        <property key="CLC 2" value="true"/>
        <property key="CLC 3" value="true"/>
        <property key="CLC 4" value="true"/>
        <property key="CRC" value="true"/>
        <property key="DACFRZ" value="true"/>
        <property key="DMA" value="true"/>
        <property key="FRZ" value="true"/>
        <property key="Freeze All Other Peripherals" value="true"/>
        <property key="I2C 1" value="true"/>
        <property key="MCCP/SCCP 1" value="true"/>
        <property key="MCCP/SCCP 2" value="true"/>
        <property key="MCCP/SCCP 3" value="true"/>
        <property key="MCCP/SCCP 4" value="true"/>
        <property key="PG1" value="true"/>
        <property key="PG2" value="true"/>
        <property key="PG3" value="true"/>
        <property key="PG4" value="true"/>
        <property key="PTGFRZ" value="true"/>
        <property key="QEI1" value="true"/>
        <property key="REFO" value="true"/>
        <property key="SENT1" value="true"/>
        <property key="SPI 1" value="true"/>
        <property key="SPI 2" value="true"/>
        <property key="SecureSegment.SegmentProgramming" value="FullChipProgramming"/>
        <property key="TIMER1" value="true"/>
        <property key="ToolFirmwareFilePath" value="Press to browse for a specific firmware version"/>
        <property key="ToolFirmwareOption.UpdateOptions" value="ToolFirmwareOption.UseLatest"/>
        <property key="ToolFirmwareToolPack" value="Press to select which tool pack to use"/>
        <property key="communication.interface.jtag" value="2wire"/>
        <property key="debugoptions.debug-startup" value="Use system settings"/>
        <property key="debugoptions.reset-behaviour" value="Use system settings"/>
        <property key="debugoptions.simultaneous.debug" value="false"/>
        <property key="debugoptions.useswbreakpoints" value="false"/>
        <property key="hwtoolclock.frcindebug" value="false"/>
        <property key="memories.aux" value="false"/>
        <property key="memories.bootflash" value="true"/>
        <property key="memories.configurationmemory" value="true"/>
        <property key="memories.configurationmemory2" value="true"/>
        <property key="memories.dataflash" value="true"/>
        <property key="memories.eeprom" value="true"/>
        <property key="memories.exclude.configurationmemory" value="true"/>
        <property key="memories.flashdata" value="true"/>
        <property key="memories.id" value="true"/>
        <property key="memories.instruction.ram.ranges" value="${memories.instruction.ram.ranges}"/>
        <property key="memories.programmemory" value="true"/>
        <property key="memories.programmemory.ranges" value="0-aeff"/>
        <property key="poweroptions.powerenable" value="false"/>
        <property key="programmerToGoFilePath" value="C:/Users/M67904/Desktop/Wiper motor project/Wiper_DC_project_v1.X/debug/default/Wiper_DC_project_v1_ptg"/>
        <property key="programoptions.donoteraseauxmem" value="false"/>
        <property key="programoptions.eraseb4program" value="true"/>
        <property key="programoptions.ledbrightness" value="5"/>
        <property key="programoptions.pgcconfig" value="pull down"/>
        <property key="programoptions.pgcresistor.value" value="4.7"/>
        <property key="programoptions.pgdconfig" value="pull down"/>
        <property key="programoptions.pgdresistor.value" value="4.7"/>
        <property key="programoptions.pgmentry.voltage" value="low"/>
        <property key="programoptions.pgmspeed" value="Med"/>
        <property key="programoptions.preservedataflash" value="false"/>
        <property key="programoptions.preservedataflash.ranges" value="${memories.dataflash.default}"/>
        <property key="programoptions.preserveeeprom" value="false"/>
        <property key="programoptions.preserveeeprom.ranges" value=""/>
        <property key="programoptions.preserveprogram.ranges" value=""/>
        <property key="programoptions.preserveprogramrange" value="false"/>
        <property key="programoptions.preserveuserid" value="false"/>
        <property key="programoptions.program.otpconfig" value="false"/>
        <property key="programoptions.programcalmem" value="false"/>
        <property key="programoptions.programuserotp" value="false"/>
        <property key="programoptions.testmodeentrymethod" value="VDDFirst"/>
        <property key="toolpack.updateoptions" value="toolpack.updateoptions.uselatestoolpack"/>
        <property key="toolpack.updateoptions.packversion" value="Press to select which tool pack to use"/>
        <property key="voltagevalue" value="3.25"/>
      </ICD4Tool>
      <Tool>
        <property key="ADC" value="true"/>
        <property key="AutoSelectMemRanges" value="auto"/>
        <property key="CLC 1" value="true"/>
        <property key="CLC 2" value="true"/>
        <property key="CLC 3" value="true"/>
        <property key="CLC 4" value="true"/>
        <property key="CRC" value="true"/>
        <property key="DACFRZ" value="true"/>
        <property key="DMA" value="true"/>
        <property key="FRZ" value="true"/>
        <property key="Freeze All Other Peripherals" value="true"/>
        <property key="I2C 1" value="true"/>
        <property key="MCCP/SCCP 1" value="true"/>
        <property key="MCCP/SCCP 2" value="true"/>
        <property key="MCCP/SCCP 3" value="true"/>
        <property key="MCCP/SCCP 4" value="true"/>
        <property key="PG1" value="true"/>
        <property key="PG2" value="true"/>
        <property key="PG3" value="true"/>
        <property key="PG4" value="true"/>
        <property key="PTGFRZ" value="true"/>
        <property key="QEI1" value="true"/>
        <property key="REFO" value="true"/>
        <property key="SENT1" value="true"/>
        <property key="SPI 1" value="true"/>
        <property key="SPI 2" value="true"/>
        <property key="SecureSegment.SegmentProgramming" value="FullChipProgramming"/>
        <property key="TIMER1" value="true"/>
        <property key="ToolFirmwareFilePath" value="Press to browse for a specific firmware version"/>
        <property key="ToolFirmwareOption.UpdateOptions" value="ToolFirmwareOption.UseLatest"/>
        <property key="ToolFirmwareToolPack" value="Press to select which tool pack to use"/>
        <property key="communication.activationmode" value="nohv"/>
        <property key="communication.interface" value=""/>
        <property key="communication.interface.jtag" value="2wire"/>
        <property key="communication.speed" value="${communication.speed.default}"/>
        <property key="debugoptions.debug-startup" value="Use system settings"/>
        <property key="debugoptions.reset-behaviour" value="Use system settings"/>
        <property key="debugoptions.simultaneous.debug" value="false"/>
        <property key="debugoptions.useswbreakpoints" value="false"/>
        <property key="freeze.timers" value="false"/>
        <property key="hwtoolclock.frcindebug" value="false"/>
        <property key="memories.aux" value="false"/>
        <property key="memories.bootflash" value="true"/>
        <property key="memories.configurationmemory" value="true"/>
        <property key="memories.configurationmemory2" value="true"/>
        <property key="memories.dataflash" value="true"/>
        <property key="memories.eeprom" value="true"/>
        <property key="memories.exclude.configurationmemory" value="true"/>
        <property key="memories.flashdata" value="true"/>
        <property key="memories.id" value="true"/>
        <property key="memories.instruction.ram.ranges" value="${memories.instruction.ram.ranges}"/>
        <property key="memories.programmemory" value="true"/>
        <property key="memories.programmemory.ranges" value="0-aeff"/>
        <property key="poweroptions.powerenable" value="false"/>
        <property key="programmerToGoFilePath" value="C:/Users/M67904/Desktop/Wiper motor project/Wiper_DC_project_v1.X/debug/default/Wiper_DC_project_v1_ptg"/>
        <property key="programmerToGoImageName" value="Wiper_DC_project_v1_ptg"/>
        <property key="programoptions.donoteraseauxmem" value="false"/>
        <property key="programoptions.eraseb4program" value="true"/>
        <property key="programoptions.ledbrightness" value="5"/>
        <property key="programoptions.pgcconfig" value="pull down"/>
        <property key="programoptions.pgcresistor.value" value="4.7"/>
        <property key="programoptions.pgdconfig" value="pull down"/>
        <property key="programoptions.pgdresistor.value" value="4.7"/>
        <property key="programoptions.pgmentry.voltage" value="low"/>
        <property key="programoptions.pgmspeed" value="Med"/>
        <property key="programoptions.preservedataflash" value="false"/>
        <property key="programoptions.preservedataflash.ranges" value="${memories.dataflash.default}"/>
        <property key="programoptions.preserveeeprom" value="false"/>
        <property key="programoptions.preserveeeprom.ranges" value=""/>
        <property key="programoptions.preserveprogram.ranges" value=""/>
        <property key="programoptions.preserveprogramrange" value="false"/>
        <property key="programoptions.preserveuserid" value="false"/>
        <property key="programoptions.program.otpconfig" value="false"/>
        <property key="programoptions.programcalmem" value="false"/>
        <property key="programoptions.programuserotp" value="false"/>
        <property key="programoptions.testmodeentrymethod" value="VDDFirst"/>
        <property key="ptgProgramImage" value="true"/>
        <property key="ptgSendImage" value="true"/>
        <property key="toolpack.updateoptions" value="toolpack.updateoptions.uselatestoolpack"/>
        <property key="toolpack.updateoptions.packversion" value="Press to select which tool pack to use"/>
        <property key="voltagevalue" value="3.25"/>
      </Tool>
      <pk4hybrid>
        <property key="ADC" value="true"/>
        <property key="AutoSelectMemRanges" value="auto"/>
        <property key="CLC 1" value="true"/>
        <property key="CLC 2" value="true"/>
        <property key="CLC 3" value="true"/>
        <property key="CLC 4" value="true"/>
        <property key="CRC" value="true"/>
        <property key="DACFRZ" value="true"/>
        <property key="DMA" value="true"/>
        <property key="FRZ" value="true"/>
        <property key="Freeze All Other Peripherals" value="true"/>
        <property key="I2C 1" value="true"/>
        <property key="MCCP/SCCP 1" value="true"/>
        <property key="MCCP/SCCP 2" value="true"/>
        <property key="MCCP/SCCP 3" value="true"/>
        <property key="MCCP/SCCP 4" value="true"/>
        <property key="PG1" value="true"/>
        <property key="PG2" value="true"/>
        <property key="PG3" value="true"/>
        <property key="PG4" value="true"/>
        <property key="PTGFRZ" value="true"/>
        <property key="QEI1" value="true"/>
        <property key="REFO" value="true"/>
        <property key="SENT1" value="true"/>
        <property key="SPI 1" value="true"/>
        <property key="SPI 2" value="true"/>
        <property key="SecureSegment.SegmentProgramming" value="FullChipProgramming"/>
        <property key="TIMER1" value="true"/>
        <property key="ToolFirmwareFilePath" value="Press to browse for a specific firmware version"/>
        <property key="ToolFirmwareOption.UpdateOptions" value="ToolFirmwareOption.UseLatest"/>
        <property key="ToolFirmwareToolPack" value="Press to select which tool pack to use"/>
        <property key="communication.activationmode" value="nohv"/>
        <property key="communication.interface" value=""/>
        <property key="communication.interface.jtag" value="2wire"/>
        <property key="communication.speed" value="${communication.speed.default}"/>
        <property key="debugoptions.debug-startup" value="Use system settings"/>
        <property key="debugoptions.reset-behaviour" value="Use system settings"/>
        <property key="debugoptions.simultaneous.debug" value="false"/>
        <property key="debugoptions.useswbreakpoints" value="false"/>
        <property key="freeze.timers" value="false"/>
        <property key="memories.aux" value="false"/>
        <property key="memories.bootflash" value="true"/>
        <property key="memories.configurationmemory" value="true"/>
        <property key="memories.configurationmemory2" value="true"/>
        <property key="memories.dataflash" value="true"/>
        <property key="memories.eeprom" value="true"/>
        <property key="memories.exclude.configurationmemory" value="true"/>
        <property key="memories.flashdata" value="true"/>
        <property key="memories.id" value="true"/>
        <property key="memories.instruction.ram.ranges" value="${memories.instruction.ram.ranges}"/>
        <property key="memories.programmemory" value="true"/>
        <property key="memories.programmemory.ranges" value="0-aeff"/>
        <property key="poweroptions.powerenable" value="false"/>
        <property key="programmerToGoFilePath" value="C:/Users/M67904/Desktop/Wiper motor project/Wiper_DC_project_v1.X/debug/default/Wiper_DC_project_v1_ptg"/>
        <property key="programmerToGoImageName" value="Wiper_DC_project_v1_ptg"/>
        <property key="programoptions.donoteraseauxmem" value="false"/>
        <property key="programoptions.eraseb4program" value="true"/>
        <property key="programoptions.ledbrightness" value="5"/>
        <property key="programoptions.pgcconfig" value="pull down"/>
        <property key="programoptions.pgcresistor.value" value="4.7"/>
        <property key="programoptions.pgdconfig" value="pull down"/>
        <property key="programoptions.pgdresistor.value" value="4.7"/>
        <property key="programoptions.pgmentry.voltage" value="low"/>
        <property key="programoptions.pgmspeed" value="Med"/>
        <property key="programoptions.preservedataflash" value="false"/>
        <property key="programoptions.preservedataflash.ranges" value="${memories.dataflash.default}"/>
        <property key="programoptions.preserveeeprom" value="false"/>
        <property key="programoptions.preserveeeprom.ranges" value=""/>
        <property key="programoptions.preserveprogram.ranges" value=""/>
        <property key="programoptions.preserveprogramrange" value="false"/>
        <property key="programoptions.preserveuserid" value="false"/>
        <property key="programoptions.program.otpconfig" value="false"/>
        <property key="programoptions.programcalmem" value="false"/>
        <property key="programoptions.programuserotp" value="false"/>
        <property key="programoptions.testmodeentrymethod" value="VDDFirst"/>
        <property key="ptgProgramImage" value="true"/>
        <property key="ptgSendImage" value="true"/>
        <property key="toolpack.updateoptions" value="toolpack.updateoptions.uselatestoolpack"/>
        <property key="toolpack.updateoptions.packversion" value="Press to select which tool pack to use"/>
        <property key="voltagevalue" value="3.25"/>
      </pk4hybrid>
    </conf>
  </confs>
</configurationDescriptor>